151646,18315,295,748,77778,10962,220,16,21,18805,817,1899,13,2932,49677,2326,369,17496,1449,6556,323,293,2050,54304,1330,369,1059,4780,1449,1899,448,3040,13,2932,30778,279,26313,518,279,20336,6,3081,7298,369,400,17,817,7722,35985,18636,13,2585,1753,304,11192,1558,1340,1281,1449,1899,518,279,20336,6,3081,30
151646,32,62619,4990,220,17,48839,315,6303,23788,323,4279,429,1753,4158,23788,13,220,2585,1657,48839,304,2790,1558,432,1896,30
151646,50744,27627,311,1430,64661,264,3753,13,220,1260,49531,264,3753,369,400,23,15,11,15,15,15,323,1221,9521,304,400,20,15,11,15,15,15,304,30186,13,220,1096,7172,279,897,315,279,3753,553,220,16,20,15,14360,220,2585,1753,11372,1521,566,1281,30
151646,28084,27627,311,1598,220,18,274,25738,220,18,3039,264,2003,13,220,1260,8473,220,21,15,20044,1817,37849,13,220,2585,1657,2790,20044,1558,566,1598,264,2003,30
151646,11510,1899,11,467,40024,34396,1817,315,1059,53523,2326,25374,315,9519,16158,5395,11,8482,19056,11,15145,55641,82,323,23880,311,1492,2506,1105,9314,13,220,2932,6696,279,53523,862,5395,304,2326,8651,20969,13,758,279,6556,11,1340,6696,1059,48716,315,53523,220,16,20,25374,315,5395,13,220,758,279,13354,11,1340,6696,1059,53523,2441,220,17,20,25374,315,5395,13,220,2585,1657,25374,315,5395,1558,1340,1184,311,2968,1059,53523,304,279,1590,15145,315,279,1899,421,279,1379,315,467,40024,594,48716,374,220,17,15,53523,30
151646,42,3923,277,3937,311,279,3553,311,3695,28147,369,806,501,13154,13,3776,8991,7049,400,20,11,714,1449,2086,8991,7049,1172,220,21,15,4,315,279,3349,13,730,3923,277,6801,311,3695,220,16,21,28147,13,2585,1753,1558,566,1184,311,2291,369,1105,30
151646,51,66630,702,10917,438,1657,31912,438,52293,13,52293,702,220,19,3039,438,1657,31912,438,16355,13,2585,1657,31912,653,350,66630,11,52293,11,323,16355,614,3786,421,16355,702,220,17,15,31912,30
151646,8852,4260,374,32477,264,220,17,15,15,18865,1034,13,51683,1340,646,4139,220,17,18865,14,42557,11,714,220,19,15,4,315,279,1616,1526,279,4139,11,5515,8437,264,17024,311,4582,8837,11,892,4990,220,17,15,4420,13,5005,93770,702,311,17024,279,4139,504,279,7167,13,2585,2795,1558,432,1896,311,4139,279,1034,30
151646,13079,20118,369,220,18,4115,518,264,4628,315,220,21,15,33961,323,1221,10577,2163,1576,566,51594,566,28595,2494,1602,2989,518,2114,13,220,1260,16297,311,633,2114,304,220,19,4115,714,37102,279,1156,220,17,4115,304,2498,43366,9442,13,220,1260,37102,279,1790,4279,21231,9842,518,264,4628,315,220,18,15,55002,11,1573,1660,2952,311,6541,279,9664,882,315,279,220,19,4115,2087,518,220,23,15,33961,13,220,2585,3041,374,566,504,2114,518,279,835,315,1846,220,19,4115,30
151646,6582,17090,594,4379,817,6460,369,279,1156,220,19,15,4115,1340,4278,1817,2003,374,400,16,15,13,2932,1083,21189,458,38499,2291,315,220,16,13,17,3039,1059,5792,46629,4379,13,1416,3984,17090,6439,369,220,19,20,4115,419,2003,11,1246,1753,525,1059,23681,369,419,2003,30
